{
  "entrypoints": [
    "main"
  ],
  "origins": {
    "42": [
      42
    ],
    "80": [
      132,
      249,
      643,
      813,
      869,
      80
    ],
    "132": [
      80,
      249,
      401,
      643,
      813,
      869,
      132
    ],
    "17896441": [
      132,
      869,
      401
    ],
    "main": [
      354,
      869,
      792
    ],
    "runtime~main": [
      792,
      869,
      354
    ],
    "01a85c17": [
      869,
      209
    ],
    "0e384e19": [
      976
    ],
    "15313aa8": [
      406
    ],
    "16f9b06f": [
      811
    ],
    "22534bc1": [
      613
    ],
    "36994c47": [
      858
    ],
    "3b8c55ea": [
      803
    ],
    "5dcd886a": [
      566
    ],
    "5e95c892": [
      647
    ],
    "6476eba6": [
      722
    ],
    "6875c492": [
      80,
      132,
      869,
      813
    ],
    "72d756b8": [
      256
    ],
    "814f3328": [
      472
    ],
    "8b1cd5a3": [
      704
    ],
    "964ae018": [
      443
    ],
    "9e4087bc": [
      711
    ],
    "9ee7bc1e": [
      922
    ],
    "a6aa9e1f": [
      80,
      132,
      869,
      643
    ],
    "a7456010": [
      235
    ],
    "a7bd4aaa": [
      98
    ],
    "a94703ab": [
      869,
      48
    ],
    "aba21aa0": [
      742
    ],
    "acecf23e": [
      903
    ],
    "b18e0588": [
      156
    ],
    "b4a7054a": [
      129
    ],
    "bd95f5f6": [
      772
    ],
    "c4f5d8e4": [
      869,
      634
    ],
    "c838fc4d": [
      410
    ],
    "ccc49370": [
      80,
      132,
      869,
      249
    ],
    "cdeecf8a": [
      998
    ],
    "e666f00a": [
      233
    ],
    "eab70eca": [
      113
    ],
    "styles": [
      48,
      80,
      132,
      209,
      249,
      354,
      401,
      634,
      643,
      792,
      813,
      869
    ]
  },
  "assets": {
    "42": {
      "js": [
        {
          "file": "assets/js/42.03237669.js",
          "hash": "6bfb797c6a1be214",
          "publicPath": "/mongodb-rag/assets/js/42.03237669.js"
        }
      ]
    },
    "48": {
      "js": [
        {
          "file": "assets/js/a94703ab.e813f084.js",
          "hash": "04c87a2dadc5ffb2",
          "publicPath": "/mongodb-rag/assets/js/a94703ab.e813f084.js"
        }
      ]
    },
    "80": {
      "js": [
        {
          "file": "assets/js/80.c9fbc391.js",
          "hash": "bdcb5f437d413f3d",
          "publicPath": "/mongodb-rag/assets/js/80.c9fbc391.js"
        }
      ]
    },
    "98": {
      "js": [
        {
          "file": "assets/js/a7bd4aaa.e7ceceec.js",
          "hash": "94b88df3bf524aef",
          "publicPath": "/mongodb-rag/assets/js/a7bd4aaa.e7ceceec.js"
        }
      ]
    },
    "113": {
      "js": [
        {
          "file": "assets/js/eab70eca.02d8f62b.js",
          "hash": "48dbffdf5d7d71e4",
          "publicPath": "/mongodb-rag/assets/js/eab70eca.02d8f62b.js"
        }
      ]
    },
    "129": {
      "js": [
        {
          "file": "assets/js/b4a7054a.01349d38.js",
          "hash": "6273bd1aefaac9af",
          "publicPath": "/mongodb-rag/assets/js/b4a7054a.01349d38.js"
        }
      ]
    },
    "132": {
      "js": [
        {
          "file": "assets/js/132.cc926369.js",
          "hash": "295eb12ebb724283",
          "publicPath": "/mongodb-rag/assets/js/132.cc926369.js"
        }
      ]
    },
    "156": {
      "js": [
        {
          "file": "assets/js/b18e0588.18f62915.js",
          "hash": "62e7ae608a49c1e7",
          "publicPath": "/mongodb-rag/assets/js/b18e0588.18f62915.js"
        }
      ]
    },
    "209": {
      "js": [
        {
          "file": "assets/js/01a85c17.def53afd.js",
          "hash": "70cd12cf26d79230",
          "publicPath": "/mongodb-rag/assets/js/01a85c17.def53afd.js"
        }
      ]
    },
    "233": {
      "js": [
        {
          "file": "assets/js/e666f00a.b5d4c215.js",
          "hash": "a02c31f19c1f8ef4",
          "publicPath": "/mongodb-rag/assets/js/e666f00a.b5d4c215.js"
        }
      ]
    },
    "235": {
      "js": [
        {
          "file": "assets/js/a7456010.51b3a2be.js",
          "hash": "4726af5ab5ec3022",
          "publicPath": "/mongodb-rag/assets/js/a7456010.51b3a2be.js"
        }
      ]
    },
    "249": {
      "js": [
        {
          "file": "assets/js/ccc49370.ea70854b.js",
          "hash": "c1a2f821df02afc7",
          "publicPath": "/mongodb-rag/assets/js/ccc49370.ea70854b.js"
        }
      ]
    },
    "256": {
      "js": [
        {
          "file": "assets/js/72d756b8.c7e1bef7.js",
          "hash": "7ec46495fd660259",
          "publicPath": "/mongodb-rag/assets/js/72d756b8.c7e1bef7.js"
        }
      ]
    },
    "354": {
      "js": [
        {
          "file": "assets/js/runtime~main.1bc40e81.js",
          "hash": "29d3cd2a5df063b7",
          "publicPath": "/mongodb-rag/assets/js/runtime~main.1bc40e81.js"
        }
      ]
    },
    "401": {
      "js": [
        {
          "file": "assets/js/17896441.adcd3a8e.js",
          "hash": "868a6230467d0536",
          "publicPath": "/mongodb-rag/assets/js/17896441.adcd3a8e.js"
        }
      ]
    },
    "406": {
      "js": [
        {
          "file": "assets/js/15313aa8.6f55397e.js",
          "hash": "2add131b78450275",
          "publicPath": "/mongodb-rag/assets/js/15313aa8.6f55397e.js"
        }
      ]
    },
    "410": {
      "js": [
        {
          "file": "assets/js/c838fc4d.5f259c73.js",
          "hash": "133e4ea9e04aa96a",
          "publicPath": "/mongodb-rag/assets/js/c838fc4d.5f259c73.js"
        }
      ]
    },
    "443": {
      "js": [
        {
          "file": "assets/js/964ae018.76496fc8.js",
          "hash": "eb1e6cf93c6efb60",
          "publicPath": "/mongodb-rag/assets/js/964ae018.76496fc8.js"
        }
      ]
    },
    "472": {
      "js": [
        {
          "file": "assets/js/814f3328.56491b57.js",
          "hash": "df26deee7afdc609",
          "publicPath": "/mongodb-rag/assets/js/814f3328.56491b57.js"
        }
      ]
    },
    "566": {
      "js": [
        {
          "file": "assets/js/5dcd886a.98a4656a.js",
          "hash": "483c697d33d9340d",
          "publicPath": "/mongodb-rag/assets/js/5dcd886a.98a4656a.js"
        }
      ]
    },
    "613": {
      "js": [
        {
          "file": "assets/js/22534bc1.340c1a86.js",
          "hash": "e653669430f55e3e",
          "publicPath": "/mongodb-rag/assets/js/22534bc1.340c1a86.js"
        }
      ]
    },
    "634": {
      "js": [
        {
          "file": "assets/js/c4f5d8e4.9063bdb3.js",
          "hash": "a0e59fdcbb0c538e",
          "publicPath": "/mongodb-rag/assets/js/c4f5d8e4.9063bdb3.js"
        }
      ]
    },
    "643": {
      "js": [
        {
          "file": "assets/js/a6aa9e1f.d50407a6.js",
          "hash": "6e50a3f0e8dcab24",
          "publicPath": "/mongodb-rag/assets/js/a6aa9e1f.d50407a6.js"
        }
      ]
    },
    "647": {
      "js": [
        {
          "file": "assets/js/5e95c892.b1d73fef.js",
          "hash": "06f9cadd8905a6c4",
          "publicPath": "/mongodb-rag/assets/js/5e95c892.b1d73fef.js"
        }
      ]
    },
    "704": {
      "js": [
        {
          "file": "assets/js/8b1cd5a3.930e7f9a.js",
          "hash": "c5e4540a3f7a731f",
          "publicPath": "/mongodb-rag/assets/js/8b1cd5a3.930e7f9a.js"
        }
      ]
    },
    "711": {
      "js": [
        {
          "file": "assets/js/9e4087bc.a9864346.js",
          "hash": "e82c2bbb09420ca5",
          "publicPath": "/mongodb-rag/assets/js/9e4087bc.a9864346.js"
        }
      ]
    },
    "722": {
      "js": [
        {
          "file": "assets/js/6476eba6.7ca7fd95.js",
          "hash": "3bb699b4034ecd61",
          "publicPath": "/mongodb-rag/assets/js/6476eba6.7ca7fd95.js"
        }
      ]
    },
    "742": {
      "js": [
        {
          "file": "assets/js/aba21aa0.1a3087e5.js",
          "hash": "ba887585389ba5be",